id,full_name,midterm,assignment_1,assignment_2,assignment_3,final,course
1,Jaclin Salaman,78,80,50,63,40,English
2,Anthe Parncutt,79,95,65,40,41,Databases
3,Dalia Twentyman,71,58,52,96,95,Databases
4,Lorrayne Hooks,37,67,56,47,49,Math
5,Ardra Whate,68,81,64,54,100,Algorithms
6,Jodi Chapelhow,85,95,62,80,97,Databases
7,Lyndsay Goracci,85,63,91,86,99,English
8,Nollie Hulmes,74,72,77,68,36,Math
9,Bourke Cartmail,46,48,65,51,75,Databases
10,Kristien Bangiard,80,55,60,71,76,English
11,Gennie Galilee,42,48,96,61,74,Programming
12,Dori Hiseman,56,85,68,97,53,English
13,Helsa Daburn,99,58,45,72,42,Math
14,Harbert Pharro,56,84,47,92,69,Databases
15,Alec Wykey,71,56,72,43,46,Programming
16,Ainslee Youles,100,75,69,79,91,English
17,Milty Challiner,31,42,59,66,94,Math
18,Ludovika Emmens,83,88,92,92,34,English
19,Stefano Gilstin,97,70,42,57,86,Databases
20,Elke Mole,66,51,81,50,60,Programming
21,Reese Duesbury,39,91,71,91,85,Databases
22,Rey Brighouse,52,89,50,62,100,Algorithms
23,Geneva Bettenay,33,70,43,91,45,English
24,Amie Shafe,58,54,61,82,59,Programming
25,Lynnelle Nevitt,98,66,67,75,65,Algorithms
26,Barrett Hentzer,36,85,69,83,99,English
27,Marlo Crus,35,60,66,93,52,English
28,Shelden Fahy,98,75,56,66,63,Algorithms
29,Leoine Older,65,94,43,41,86,English
30,Agna Mahaddie,39,98,57,81,80,English
31,Lucina Mouan,90,96,70,75,57,Databases
32,Ky Betty,85,88,100,59,30,Math
33,Alvinia Shelmerdine,55,90,63,98,99,English
34,Shana Dymidowski,74,67,61,53,68,Databases
35,Analiese MacLaig,57,43,55,80,33,English
36,Alexis Luckcock,89,81,52,87,50,Math
37,Thomasine Ridsdale,96,97,56,95,62,Algorithms
38,Ermengarde Nuccii,55,56,60,51,60,English
39,Susana Bourchier,80,57,43,57,88,English
40,Wolfgang Lukasen,40,85,87,72,68,English
41,Janine Hartshorn,76,59,53,65,32,English
42,Lynett Fayre,31,65,93,40,31,Math
43,Karly Ende,62,82,87,84,80,Programming
44,Stewart Oldroyd,75,84,40,95,41,Programming
45,Daryle Baggett,85,65,66,78,87,English
46,Isidoro Hatje,41,74,53,79,75,Algorithms
47,Garnet Friedman,43,48,59,55,65,Programming
48,Crysta Lambell,59,92,99,97,86,Programming
49,Fee Parfrey,51,42,64,97,99,Databases
50,Hannah Reubbens,44,76,84,50,64,English
51,Helaina Coggin,45,62,76,62,38,Algorithms
52,Milicent Ashforth,82,74,88,74,91,Programming
53,Chrysa Hews,95,98,66,46,48,Programming
54,Guillema Rosenthaler,64,40,57,65,93,Programming
55,Whittaker Plet,41,98,67,89,72,Algorithms
56,Paule Henkens,44,64,44,73,54,Math
57,Annora Reeders,71,62,43,41,33,English
58,Boycie Fluin,43,83,72,56,42,Algorithms
59,Laughton MacMeanma,68,42,80,85,46,Databases
60,Celeste McGragh,45,47,81,77,72,Math
61,Carma Gingold,44,75,90,78,68,Algorithms
62,Marj Frandsen,56,92,72,70,59,Algorithms
63,Winifield Scartifield,91,46,58,58,86,Programming
64,Aubrette Riding,57,58,64,91,61,Algorithms
65,Mayor Rennix,97,66,78,67,58,Programming
66,Constantine Smout,50,81,78,79,69,Programming
67,Beatrice Impey,80,88,91,94,40,Math
68,Aloin Jurczik,47,50,47,41,34,Programming
69,Cristiano Swallwell,31,99,59,66,74,Programming
70,Sylvan Dalyiel,37,45,64,75,64,Algorithms
71,Phip Shegog,83,91,90,81,78,Algorithms
72,Lilli Cardwell,58,84,86,43,69,Algorithms
73,Cynde Angier,83,66,92,85,92,English
74,Stormy Bleything,31,81,50,48,85,Algorithms
75,Arv Crothers,76,84,58,87,72,English
76,Errick Summerside,73,88,90,97,100,Databases
77,Karrie Kigelman,40,100,63,81,59,English
78,Ian McComb,87,66,56,86,40,English
79,Lane Guerro,70,72,45,78,52,English
80,Cahra Griswaite,85,89,69,70,54,Databases
81,Nikolos Drewet,74,85,50,50,95,Programming
82,Cthrine Broggetti,87,41,96,98,96,Programming
83,Glenda Lovemore,79,78,77,62,69,Programming
84,Sara-ann Whitechurch,79,48,50,62,42,Algorithms
85,Connor Compfort,100,86,76,64,39,Math
86,Bendick Castard,61,83,90,63,80,Algorithms
87,Hedwig Christopher,47,78,88,98,75,Math
88,Humphrey Silkston,30,93,91,64,59,Programming
89,Karleen Klagge,30,97,48,92,83,English
90,Benjamin Semark,83,79,45,94,66,Algorithms
91,Sofia Fee,48,41,42,93,70,English
92,Kienan Snozzwell,68,43,85,85,71,Databases
93,Owen Byrch,75,72,65,90,90,Math
94,Merrill Le Maitre,51,81,95,84,97,English
95,Sallyanne Raper,80,80,81,74,60,Databases
96,Bran Adriano,31,68,74,66,92,Programming
97,Becky Frodsham,63,64,88,100,93,Math
98,Marji Beswell,73,72,68,44,99,Math
99,Jammal Ivanyushin,91,86,72,67,61,English
100,Glynda Thomann,94,46,63,99,52,Algorithms
101,Nance Lindblom,100,51,68,83,85,Databases
102,Kiah Laverock,35,60,82,100,84,Databases
103,Charley Furmonger,58,86,88,65,33,Math
104,Daryle Pykerman,55,86,45,87,48,Math
105,Constantin Polak,93,90,87,87,53,Programming
106,Lida Espina,87,99,93,52,46,Algorithms
107,Winnie Cleever,76,63,40,66,66,Programming
108,Lorette Brewer,89,94,71,79,32,English
109,Trudi Andrich,63,64,97,49,52,English
110,Grete Von Welden,54,89,94,60,57,Algorithms
111,Waldemar Minchinton,70,99,65,88,90,Databases
112,Dimitri Heinle,71,64,95,78,94,Programming
113,Othilia Ughetti,36,74,45,42,33,Programming
114,Leonardo Mytton,76,42,64,98,51,Math
115,Bartholomeo Buckleigh,88,78,71,66,93,Math
116,Sheilah Blumsom,89,88,75,41,38,English
117,Mohandis Colquite,83,45,49,50,84,Databases
118,Radcliffe Killingsworth,82,65,70,80,88,Programming
119,Page Mulroy,41,86,82,63,51,Math
120,Edeline Bellany,77,46,83,85,48,Math
121,Emlyn Squelch,87,76,70,92,97,Databases
122,Patton Pentelow,55,70,42,66,31,Algorithms
123,Amber Horney,37,76,73,67,70,English
124,Beatriz Erdely,41,65,79,91,43,Programming
125,Ariadne Ostick,64,58,91,76,64,Algorithms
126,Roanne Linebarger,93,64,88,89,88,English
127,Durant Norwich,96,57,94,69,69,Programming
128,Minna Lorey,63,41,41,49,57,Algorithms
129,Brant Payle,38,83,47,90,71,Math
130,Matelda McGrann,51,85,84,79,54,Algorithms
131,Lowe Hoffmann,42,44,58,92,45,Algorithms
132,Ajay Cuddehy,81,82,67,58,55,Databases
133,Ema Currier,64,67,52,41,63,Databases
134,Artur Szymanski,86,55,72,49,89,English
135,Dorothea Beynke,100,76,79,47,96,Programming
136,Julie Ketchell,55,69,70,40,82,Databases
137,Aeriel Cowthard,62,74,45,62,51,Programming
138,Ari Bloodworth,30,79,46,100,85,Databases
139,Feodora Stede,36,58,71,45,43,Databases
140,Padraig Kinahan,37,52,93,59,54,Programming
141,Ambrosius Clowney,86,84,75,40,36,Algorithms
142,Ozzie Dugood,38,59,53,84,33,English
143,Huntley Yo,58,51,49,63,72,Databases
144,Celeste Cressingham,73,40,92,92,100,Algorithms
145,Parke Wong,53,100,49,55,73,English
146,Quillan Cashman,31,88,54,65,80,English
147,Belicia Julien,50,86,53,91,70,Databases
148,Fayette McFadin,79,53,83,43,78,Algorithms
149,Susi Hedling,50,92,100,67,51,Programming
150,Zelig Rontree,40,84,85,89,64,Math
151,Liza Krysztofowicz,88,89,42,54,59,Databases
152,Nancie Wetherell,79,86,41,78,36,Math
153,Mark Husby,92,95,97,76,99,Databases
154,Tallie Lavens,41,53,52,64,58,English
155,Frannie Jaspar,94,64,45,59,55,English
156,Cindee Casswell,54,50,69,75,58,Databases
157,Emmerich Chesnut,65,93,64,75,32,Programming
158,Shannah Demetr,34,97,79,45,76,Programming
159,Joycelin Elce,42,88,70,86,65,Programming
160,Atlante Caherny,33,67,63,100,64,Programming
161,Wynnie Kubala,66,44,90,53,39,Math
162,Erek Gilffilland,89,47,53,89,42,Algorithms
163,Darbee Suggate,85,43,74,59,55,Programming
164,Aubree Dillestone,31,78,43,99,59,Algorithms
165,Stearne Hofer,56,68,71,80,56,English
166,Teador Hefner,32,49,46,97,86,Algorithms
167,Cybil Dadley,46,86,41,92,63,Algorithms
168,Nickey Misk,64,43,59,64,81,Databases
169,Mozes Ganders,73,90,49,84,45,Databases
170,Elysha Moyle,42,68,57,97,73,English
171,Forrest Meikle,54,91,47,69,53,Algorithms
172,Toinette Lincke,58,50,78,85,42,Algorithms
173,Marita Cattlow,52,63,100,80,76,Databases
174,Osborn Menci,78,93,45,50,79,English
175,Sherwood Truder,73,41,86,74,80,English
176,Wenona Laffling,44,52,43,65,70,Programming
177,Morganne McCollum,85,80,98,80,88,Algorithms
178,Arlan Wills,99,59,59,86,38,English
179,Leonelle Poyser,81,66,94,41,60,Databases
180,Nicol Greenrodd,91,61,93,61,32,Databases
181,Wynne Girardoni,78,49,52,69,51,Math
182,Gabriel Schlagman,32,65,80,47,43,Math
183,Dell Peckett,67,48,95,75,30,Algorithms
184,Aura Connow,69,54,67,43,35,Databases
185,Artemas McAne,53,98,46,79,49,Math
186,Scarlet Franscioni,42,61,65,90,78,Math
187,Maren Shemelt,60,43,54,45,77,Algorithms
188,Cristabel Dudney,30,51,55,67,66,English
189,Trish Pelcheur,41,61,89,85,83,English
190,Tessy Maving,96,51,78,80,39,Math
191,Manfred Redwing,45,76,85,73,63,Algorithms
192,Bartholomew Hamp,66,63,66,100,49,Programming
193,Mallory Nettles,70,70,65,76,81,Programming
194,Thane Caldaro,80,79,64,61,96,Math
195,Corrinne Holwell,90,76,45,58,98,Algorithms
196,Annabelle Laflin,36,48,82,74,71,Algorithms
197,Lida Indruch,54,40,76,54,100,Math
198,Farlie Nutkins,71,63,72,69,95,Databases
199,Heriberto Chesworth,85,52,66,81,87,Programming
200,Jobey Imm,56,90,92,47,99,Databases
201,Xymenes Tocque,43,74,97,50,50,Algorithms
202,Pryce Worthing,68,77,60,76,95,English
203,Buffy Flade,36,55,54,70,65,Algorithms
204,Tori Dofty,96,85,76,58,75,Math
205,Phillis Beentjes,80,51,68,90,33,Databases
206,Emelen Hursthouse,38,99,60,92,48,Algorithms
207,Jeremy Embling,76,60,58,66,38,Databases
208,Doris Everex,76,44,75,94,47,English
209,Magnum Furmston,47,82,41,83,93,English
210,Batsheva Weich,85,63,99,95,80,Algorithms
211,Godfrey Ahearne,88,54,79,77,43,Algorithms
212,Nannette Casson,77,50,84,64,68,Math
213,Guy Kellock,48,68,55,88,64,Math
214,Bentley Breacher,97,81,80,42,61,English
215,Cristabel Curro,32,91,95,89,76,English
216,Sid Pay,68,44,96,79,85,Databases
217,Howey Darko,94,59,41,89,86,Programming
218,Thorn Gateland,42,66,100,76,60,Algorithms
219,Prudence Stubbs,66,92,80,46,71,Algorithms
220,Rubina Scarffe,51,56,54,85,49,Programming
221,Crosby Skyrm,42,96,66,82,49,Algorithms
222,Chere McHarry,68,68,55,73,47,Programming
223,Rayna Hickisson,82,58,47,95,44,Programming
224,Mathilde Divver,72,91,62,73,71,English
225,Yorgos Frick,66,94,48,72,50,Algorithms
226,Hercules Naish,70,65,100,92,65,Algorithms
227,Lesley Lawtey,38,64,99,50,86,Programming
228,Verla Drage,48,93,87,56,83,Math
229,Dina Pugsley,55,99,49,95,45,Programming
230,Teresita Gerber,60,77,82,68,57,Databases
231,Colver Larne,46,41,100,67,91,Programming
232,Dora Garnam,31,67,41,47,89,Algorithms
233,Miltie Jansson,37,79,58,64,55,English
234,Lin Salvidge,86,67,58,93,91,Math
235,Maxy Lowmass,47,41,100,77,94,Algorithms
236,Aggy Yashanov,54,82,65,76,62,Algorithms
237,Dennie Grove,85,48,65,72,71,Math
238,Anet Gillham,40,93,91,100,66,English
239,Jacenta Maginn,32,85,62,61,77,Math
240,Massimiliano Chaikovski,33,88,72,95,89,Programming
241,Georgianna Mateiko,88,47,55,67,87,Algorithms
242,Geoffry Ferrao,47,44,66,52,91,English
243,Cathlene Scotchford,66,70,75,96,62,Math
244,Corina Gurnay,93,54,57,45,43,Math
245,Kaye Maymond,69,77,72,42,55,English
246,Jessi Krugmann,93,47,66,90,68,Algorithms
247,Goddart Bambrick,59,58,98,54,89,Algorithms
248,Melisa Hartin,48,87,60,47,100,Math
249,Callie Rollett,62,93,89,71,90,Math
250,Alyosha Grassin,31,69,87,80,40,Algorithms
251,Sly Brommage,46,93,42,65,31,English
252,Lesli Blanchet,30,78,62,69,57,Algorithms
253,Anastasie Tansill,35,73,97,60,94,Math
254,Timofei Byforth,57,83,70,89,55,Algorithms
255,Yorgo Shaudfurth,56,65,82,79,36,English
256,Sosanna Aslett,50,65,52,55,55,Math
257,Cherri Roser,44,40,64,41,100,Programming
258,Jess Swyre,33,84,90,51,48,English
259,Vale Guise,36,52,93,70,32,Algorithms
260,Ivar Simmers,100,79,76,41,46,Math
261,Gianni Mabley,82,85,99,95,45,Databases
262,Tait Folbige,39,74,94,68,90,Math
263,Hilda Chalke,64,50,78,87,48,Databases
264,Sherwood Noirel,41,53,63,63,46,English
265,Sergei Troman,93,68,64,97,50,Math
266,Kandace Gheorghescu,54,47,71,68,36,Algorithms
267,Sumner Plumley,69,83,80,93,92,English
268,Vittoria Jolland,67,53,83,98,41,Math
269,Essie Briamo,60,100,79,62,73,Programming
270,Eric Figgs,72,41,67,84,60,Algorithms
271,Christa Wakeling,74,73,80,88,96,Math
272,Rodney Cote,36,49,44,45,96,English
273,Ana Craufurd,75,92,67,100,40,Databases
274,Deeanne MacCartair,75,66,53,51,82,Algorithms
275,Gerome Boylan,56,97,48,60,68,Programming
276,Chrissie Emanulsson,48,56,60,40,59,English
277,Sigrid Dukelow,45,71,95,84,50,English
278,Kellsie Battisson,49,86,68,94,72,Programming
279,Jerrie Earngy,84,66,46,50,72,Math
280,Cal Gilfoyle,49,59,52,64,99,Programming
281,Terencio Pinnock,55,97,78,95,77,Databases
282,Rori Tantrum,80,97,71,55,73,Programming
283,Arch Tooher,53,70,69,76,31,Math
284,Eamon Fluger,79,48,91,85,34,Math
285,Bevan Killiam,98,63,83,83,84,Programming
286,Storm Klehn,37,99,49,68,87,Algorithms
287,York Peperell,37,87,48,68,89,Databases
288,Molly Davydkov,89,44,46,52,60,English
289,Betti McKee,58,83,46,96,96,Programming
290,Kevon Winks,75,48,51,91,44,English
291,Conrade Hunnable,51,56,72,94,60,Math
292,Moe Reddin,40,50,52,83,71,Programming
293,Indira Zamorrano,70,51,60,43,48,English
294,Bobbie Daville,98,59,80,91,59,Programming
295,Goldia Kissack,60,51,63,62,30,Databases
296,Jacobo Grimsdike,40,80,67,91,92,Databases
297,Alistair Dacey,60,97,99,88,41,Databases
298,Jewelle Sedgwick,37,49,82,48,67,Databases
299,Jackelyn Proschke,37,41,71,74,39,Programming
300,Birch Trill,87,56,99,63,58,Programming
301,Monah Braghini,68,87,50,75,86,Algorithms
302,Johanna Harmour,92,56,87,44,86,English
303,Rickie Francesconi,52,90,81,60,45,Programming
304,Orrin Holdworth,54,91,71,43,89,Math
305,Niel Rucklidge,60,51,77,43,36,Databases
306,Herminia Beveridge,83,73,64,46,62,Programming
307,Elisabeth Nickolls,87,88,76,62,76,Math
308,Britte Lomasney,60,85,67,81,80,Programming
309,Babbie Copello,42,47,60,55,41,Math
310,Klara McPhilemy,62,95,72,59,58,English
311,Clea Camier,83,85,84,89,60,Algorithms
312,Lanita Shemilt,79,69,61,89,74,Databases
313,Jerry Storton,60,95,43,53,75,English
314,Sabine Posen,88,72,63,63,32,Databases
315,Bendix Rourke,30,94,82,46,90,English
316,Wheeler Littleover,86,45,48,88,72,English
317,Dreddy Gonnely,97,66,99,56,89,English
318,Gipsy Whinney,51,71,88,69,80,Algorithms
319,Rockey Duguid,30,100,41,93,94,Programming
320,Frederick Redhole,59,82,100,56,55,Math
321,Ash Ricco,81,49,61,76,76,Algorithms
322,Irene Abrahamsen,93,87,97,96,40,Programming
323,Frances Dealy,80,79,55,91,94,English
324,Monica Shewen,99,72,97,71,89,Programming
325,Rubi Berrisford,62,90,95,50,58,Math
326,Karen Palley,63,42,73,66,58,Math
327,Olvan Jacmard,47,69,46,94,46,Algorithms
328,Josh Tadgell,92,63,86,67,86,Programming
329,Nickolai Wapplington,93,42,70,62,74,Programming
330,Tiffi Matthews,54,74,58,45,53,Databases
331,Lorine Claffey,68,93,60,44,61,Databases
332,Wiatt Godsell,63,100,66,99,67,Math
333,Tova Kyme,51,73,60,97,76,English
334,Ermentrude Bullerwell,76,98,92,59,95,Databases
335,Kayle Bruno,40,89,40,75,99,Algorithms
336,Susy Amies,59,97,66,79,90,English
337,Tait Wilkes,81,78,96,83,40,Math
338,Selene Kaasman,40,57,79,54,36,Algorithms
339,Danyelle Townes,40,62,91,100,34,English
340,Angelina Paudin,37,77,98,56,59,Databases
341,Lelia Grills,92,80,83,69,59,Programming
342,Earle Bamborough,64,41,65,86,33,Databases
343,Nanette Novic,38,48,54,92,46,Math
344,Marje Quinnelly,49,66,98,47,80,Algorithms
345,Iorgos Millson,63,74,88,40,43,Math
346,Darline Godley,40,86,64,71,54,Programming
347,Flem Hannon,54,71,67,49,59,English
348,Jamill Woollcott,93,64,49,70,80,Algorithms
349,Timmi Thaller,84,88,50,74,95,Databases
350,Glynda Bartosik,87,65,98,86,92,Programming
351,Elnore Heinicke,62,92,91,64,87,Algorithms
352,Webster Stonuary,87,53,71,75,57,Databases
353,Merl Giametti,89,82,50,59,99,Databases
354,Muffin Wrightam,44,43,95,53,83,Databases
355,De Hissett,85,49,65,44,83,Databases
356,Jedidiah Palfrey,54,77,59,100,94,Algorithms
357,Roley Emanuelov,36,99,43,66,64,English
358,Helena Ivashev,81,60,94,69,62,Algorithms
359,Malachi Hallitt,63,45,91,57,100,English
360,Nikola Fairhurst,83,45,59,59,92,Algorithms
361,Rorke Vasilevich,50,56,66,55,38,Programming
362,Leese Keedy,87,70,65,98,74,Databases
363,Randie Tomanek,96,85,46,84,40,Programming
364,Arther Scrine,56,92,68,61,57,English
365,Letta Nation,41,97,92,52,45,Algorithms
366,Rosie Pleasants,57,65,94,67,49,Databases
367,Shani Exer,92,64,56,98,34,Math
368,Wakefield Skillitt,65,92,54,41,93,English
369,Ervin Brettell,58,78,82,67,99,Programming
370,Shannon Turk,94,46,45,60,96,Databases
371,Errol Byllam,43,82,42,62,60,Databases
372,Jeffy Brambell,97,64,48,48,42,Algorithms
373,Rochester Lashmore,66,74,61,88,43,Databases
374,Dyanne Ayerst,53,62,66,78,97,Programming
375,Claybourne Alennikov,74,68,89,50,62,Programming
376,Natala Ruppel,31,92,44,71,63,Programming
377,Bobbe Swindall,40,78,87,56,73,Algorithms
378,Marylou Dishmon,97,78,92,69,45,Programming
379,Storm Bullin,51,75,41,76,57,Algorithms
380,Clareta Janson,31,43,97,57,55,Algorithms
381,Ashely Laval,70,87,42,71,76,Math
382,Valry MacPaden,50,73,55,91,35,Databases
383,Sarene Fardy,93,43,49,49,66,Algorithms
384,Odey Broomfield,97,48,48,95,90,Programming
385,Danna Sabie,100,79,89,81,64,Algorithms
386,Palmer McRobert,40,79,68,84,89,Algorithms
387,Olwen Dearing,92,92,65,46,78,English
388,Shara Seagood,54,86,56,40,30,English
389,Nana Innott,78,88,46,48,95,Databases
390,Lorry Wastling,83,48,71,45,41,Algorithms
391,Rodd Olivet,91,90,47,44,56,Databases
392,Imogene Chezier,54,43,43,66,31,Databases
393,Goldie Gritskov,86,45,80,100,62,Algorithms
394,Jolynn Melsom,84,71,56,58,53,Databases
395,Wendie Crallan,49,53,59,56,78,Programming
396,Rodie Dougal,47,73,61,74,30,Math
397,Gerry Slimon,93,93,60,100,67,Algorithms
398,Laney Bailes,85,75,51,84,71,Databases
399,Georgianna Duferie,54,69,59,47,51,Algorithms
400,Garreth Usher,66,94,44,98,38,Algorithms
401,Merle McGorley,44,97,73,72,47,Math
402,Fairlie Calderon,100,98,87,82,50,Algorithms
403,Dukie Trippack,60,85,97,95,75,Databases
404,Rufus Ortiger,33,60,83,93,83,English
405,Stanly Britee,38,70,90,100,81,Algorithms
406,Tammy Ebi,89,75,62,74,51,Math
407,Brynn Fawckner,89,46,67,72,59,Programming
408,Elnar Ainscow,64,80,99,57,78,Programming
409,Zelig Duker,77,89,83,59,63,Databases
410,Jania Antonutti,40,56,76,59,82,Algorithms
411,Clyde Eykel,60,98,88,72,35,Programming
412,Kissee Gauvain,78,96,55,82,80,English
413,Germain Matches,85,89,53,58,36,Programming
414,Ada De Cleen,49,50,83,40,40,Databases
415,Dalila Vanshin,82,46,65,43,82,Math
416,Forrest Matskiv,79,62,40,96,60,Algorithms
417,Josy Piggrem,72,89,43,44,43,English
418,Palmer De Marchi,83,69,82,65,59,Databases
419,Gerhard Castan,74,48,95,76,32,Programming
420,Carlen Golston,73,78,65,40,38,Math
421,Bev Deport,78,96,54,74,43,Programming
422,Mufi Mannion,66,77,70,70,87,Programming
423,Darsie Deener,51,45,46,87,38,Algorithms
424,Clari Benitti,40,94,95,95,77,Databases
425,Lillis Kerman,52,50,84,48,51,Math
426,Friedrick Mees,95,79,88,44,37,Programming
427,Libbi Kevern,85,57,85,80,43,Databases
428,Jeffrey Eyton,46,43,85,69,63,English
429,Marice Trippack,42,94,43,69,91,Math
430,Vanya Fynes,55,99,77,88,52,Programming
431,Vinson Top,65,59,86,76,52,Databases
432,Ker Cabel,52,49,61,55,43,Programming
433,Mahmoud Claisse,52,62,51,85,95,Programming
434,Ulrica Gopsell,41,64,44,90,51,Algorithms
435,Rouvin Daintry,79,52,60,87,54,English
436,Rachelle Martinson,51,43,80,69,87,Math
437,Mervin Ghidelli,30,48,75,89,82,Math
438,Veradis Easbie,100,77,76,51,84,English
439,Crissie Clymo,48,89,99,41,92,Algorithms
440,Janina Geertsen,73,59,93,98,79,Math
441,Joseito Calven,58,98,80,54,57,Databases
442,Beck Badwick,64,58,52,78,73,Algorithms
443,Corabella Boutell,53,51,77,62,79,Algorithms
444,Casey Dysert,64,93,94,85,65,Math
445,Flossi Tonnesen,61,93,87,68,72,Programming
446,Clea Leband,36,81,62,42,86,Algorithms
447,Lynne Moyser,36,91,79,93,95,English
448,Prissie Emburey,78,94,80,61,54,Algorithms
449,Ede Portchmouth,83,96,54,94,66,Databases
450,Nick Haruard,75,57,71,60,58,Programming
451,Patty Battin,74,68,95,76,47,Databases
452,Fons Hoodlass,89,77,70,64,30,Programming
453,Lesli Caldera,46,97,58,69,31,Algorithms
454,Trent Apple,99,88,86,99,97,Math
455,Keane Keune,90,59,93,41,89,Algorithms
456,L;urette Peoples,36,42,80,48,39,Programming
457,Ewen Driffill,90,43,56,54,59,Algorithms
458,Cherilynn Ollis,97,48,73,67,90,Math
459,Bunny McMillian,67,48,57,55,55,Math
460,Homere Alwell,51,96,70,94,44,Programming
461,Elijah Ludgrove,41,69,85,79,32,Math
462,Audrie Cay,65,54,51,89,90,Math
463,Glenden Hassekl,30,51,90,72,74,Databases
464,Lyman Jerrim,86,74,51,100,81,Programming
465,Dennie Maginn,84,96,91,71,86,Databases
466,Red Keunemann,87,52,45,87,56,Math
467,Anneliese Robez,62,100,44,64,97,Databases
468,Lurline Manilow,31,71,48,40,59,Math
469,Gussie Dagnall,30,71,59,46,55,Algorithms
470,Theressa Layburn,30,95,61,74,100,Algorithms
471,Katrina Macon,37,79,64,67,86,Databases
472,Alick Andrus,92,54,44,50,43,Databases
473,Shaughn Badby,94,68,95,89,98,Databases
474,Katuscha Godbold,76,71,79,44,83,Databases
475,Darcy McMurtyr,86,95,51,41,39,English
476,Jan Wealleans,62,93,48,47,46,Math
477,Harold Copestick,83,95,77,52,65,English
478,Odelinda Danilovich,84,66,61,97,37,Databases
479,Garald Andreassen,45,54,100,55,44,Programming
480,Brittan Sealove,89,67,55,62,55,Math
481,Madelyn Le Bosse,93,97,74,44,37,Algorithms
482,Melissa Trayte,99,89,99,67,50,Algorithms
483,Laryssa Holtaway,53,80,70,49,97,English
484,Brand Sloley,82,47,88,78,91,Programming
485,Garland Ackroyd,30,76,43,70,76,Databases
486,Rosemonde Paulou,31,95,63,92,83,English
487,Ashlan Maunders,63,83,50,94,77,Math
488,Dore Noli,62,77,40,50,35,Databases
489,Harris Flanne,76,79,47,72,61,English
490,Minny Karlik,92,86,58,93,79,Programming
491,Margarita Brecknell,74,78,78,80,39,Math
492,Cheston Whitesel,49,82,71,64,45,Math
493,Christie Fouch,94,83,41,57,87,Databases
494,Velma Trundle,84,52,95,61,63,English
495,Hulda Chatel,37,55,76,65,94,Programming
496,Guillemette Ackenhead,33,40,70,50,38,English
497,Brandyn Scotson,72,83,82,93,67,English
498,Mata Gidney,59,98,73,68,88,Programming
499,Terrie Gearing,65,91,55,68,68,Math
500,Karel Ackerley,92,83,67,60,84,Programming
501,Melita de Tocqueville,98,63,56,94,53,Math
502,Letta L'Episcopio,56,72,53,62,65,Programming
503,Tedie Fencott,62,45,73,89,82,Algorithms
504,Benedict Shallow,93,94,63,81,47,Math
505,Tallou Arnefield,31,43,60,77,86,Databases
506,Eulalie Spykins,56,46,83,68,46,English
507,Mallorie Ranfield,84,63,43,46,71,Databases
508,Brandais Houseley,61,73,82,98,99,Algorithms
509,Hewe Dominico,54,85,56,43,89,Databases
510,Tibold McGowran,31,66,49,81,35,Algorithms
511,Constantina Alltimes,92,87,95,58,98,English
512,Sylvester Heningam,32,45,99,77,91,Math
513,Iona Carnoghan,86,94,93,48,35,Programming
514,Nike Bergin,81,69,84,44,56,Databases
515,Joelly Morilla,80,68,58,55,49,Algorithms
516,Jilleen Jeannot,77,41,73,40,75,Programming
517,Kylen Songest,36,53,44,77,74,Math
518,Reese Broschke,67,67,57,93,77,English
519,Paquito Jeandet,53,45,75,53,64,Databases
520,Glyn Dobell,45,67,52,88,34,Math
521,Veriee Thinn,33,42,46,67,49,English
522,Alicea Oughton,97,55,43,94,31,Algorithms
523,Glad Tolchar,60,57,46,49,44,Programming
524,Feodora Vanyatin,74,97,46,97,30,Math
525,Bruno Breffit,96,84,76,53,79,Programming
526,Harriott Bereford,46,97,87,100,42,English
527,Neile Placido,31,84,99,69,95,English
528,Nathanael Guswell,61,66,65,74,57,English
529,Warner Maides,34,77,100,85,34,Databases
530,Cecelia Greatbatch,70,83,56,83,51,English
531,Carey Garstan,72,52,92,63,57,Algorithms
532,Graham Temprell,86,55,53,79,95,English
533,Roland Brandolini,69,94,67,82,59,Databases
534,Tawnya Ratie,38,65,53,87,56,English
535,Uri Keetch,66,97,87,46,74,Programming
536,Gerti Neaves,41,80,41,47,48,English
537,Guinevere Ranfield,90,74,67,60,77,Algorithms
538,Darda Oulner,35,76,60,52,76,English
539,Quintin Lappin,89,41,81,73,48,Math
540,Parry Giampietro,30,98,80,52,92,Math
541,Carola Arrighi,96,46,100,96,87,Algorithms
542,Giffie Rey,55,85,77,48,43,Math
543,Ashley Rilston,71,56,74,54,31,Databases
544,Allin Marti,76,55,92,96,40,Databases
545,Joela Shallcroff,87,64,66,67,31,Databases
546,Elston Duddle,83,94,68,97,96,Math
547,Tamqrah Oke,46,83,84,89,71,Programming
548,Desmond Harbor,40,91,93,89,82,Math
549,Zebedee M'Barron,77,73,64,57,74,Databases
550,Gwenny Yven,66,50,88,50,73,English
551,Finley Jewiss,94,96,99,92,92,Programming
552,Saloma Brisley,56,52,62,91,86,Math
553,Jonah Berg,76,53,64,96,44,Math
554,Aindrea Dane,81,98,91,94,30,English
555,Tades Louedey,100,43,62,55,32,Programming
556,Terza Trayford,96,75,58,60,84,Programming
557,Shandy Manneville,37,76,70,49,35,Programming
558,Isac Vardey,72,65,99,97,73,English
559,Ephraim Piatto,55,73,44,89,89,English
560,Paige Tierney,38,71,91,75,50,Programming
561,Amalie Gerssam,87,65,98,92,59,Programming
562,Lindie Popworth,50,49,80,87,65,Algorithms
563,Merrel O'Keefe,61,96,65,78,88,Math
564,Felicia Vampouille,54,51,98,62,95,Math
565,Vally Hanaford,34,45,42,83,81,English
566,Yank Isacke,51,53,83,48,77,Databases
567,Catharina Pfeuffer,96,46,71,94,66,Math
568,Jose Bonallack,89,40,65,84,79,Programming
569,Ford Nuzzti,96,61,47,63,47,Databases
570,Aveline Costar,74,52,74,53,78,Databases
571,Emilio Dedham,88,46,100,79,87,Databases
572,Elora Kennealy,63,94,100,93,65,Algorithms
573,Tobin Gosswell,54,66,73,64,72,Math
574,Caritta Irdale,73,79,74,41,73,English
575,Fran Ferrick,49,63,63,83,54,Math
576,Glennis Kedie,52,89,53,63,51,Databases
577,Blanch Lammerts,63,95,99,80,64,English
578,Johannes Piotrowski,72,52,87,67,90,Algorithms
579,Camey Windham,37,54,69,72,60,Algorithms
580,Estevan Durn,36,51,65,71,47,Programming
581,Towney Leipnik,73,77,55,87,50,Databases
582,Dara Tebb,91,96,52,56,37,English
583,Brett Barbary,40,59,48,44,42,English
584,Amy Cassin,74,100,95,53,54,Databases
585,Banky Casellas,72,100,54,61,96,Algorithms
586,Floris Denington,53,99,81,48,49,Programming
587,Hermia Cavil,79,96,82,80,59,English
588,Lacee Feige,98,41,81,84,49,English
589,Mair Moynham,97,60,99,81,58,Algorithms
590,Mira Jakel,99,42,66,84,48,Databases
591,Ibbie Willmore,55,78,66,78,94,English
592,Flore Foskin,63,44,49,63,51,Algorithms
593,Husein Houten,47,90,81,78,55,Programming
594,Dietrich Bugge,72,67,88,49,32,Databases
595,Elora Kirkbride,54,59,48,89,93,Programming
596,Kippie Gunthorp,51,70,52,99,89,English
597,Brig Zarfat,46,54,75,56,93,English
598,Vickie Lechelle,65,50,73,58,96,Math
599,Kala Polkinghorne,63,48,75,84,44,Algorithms
600,Tarrah Zanicchelli,71,81,40,87,52,Programming
601,Karlan McKleod,86,63,63,55,83,Databases
602,Cordell Cayette,44,99,44,43,53,Math
603,Gene Kayes,94,70,96,50,70,Algorithms
604,Annelise Greswell,40,83,63,45,88,English
605,Mead Belson,33,76,99,58,56,Algorithms
606,Winonah Allright,65,57,55,91,91,Databases
607,Dorian Broughton,98,75,96,43,30,Algorithms
608,Gwenneth Balsdon,67,66,45,58,30,Databases
609,Melonie Lusted,30,74,72,55,31,Databases
610,Vi Valeri,34,90,65,60,43,Programming
611,Mattias Sawford,48,84,73,97,44,Databases
612,Sandi Bearsmore,90,65,96,73,93,Databases
613,Gun Cleynman,94,57,40,69,41,Math
614,Frankie Stedall,89,100,66,90,89,English
615,Brandi Gusticke,74,79,50,82,77,Databases
616,Birgitta Mallall,44,58,43,81,52,Databases
617,Siffre Yakuntsov,87,99,91,40,72,Programming
618,Dal Howells,42,69,93,49,33,Programming
619,Carlie Nelissen,55,59,59,74,63,Databases
620,Lulita Tabour,34,85,77,65,71,Algorithms
621,Raddy Mickleborough,63,82,53,67,97,Databases
622,Gareth Fratczak,57,68,63,74,48,English
623,Stu Mumbeson,43,48,92,94,49,Databases
624,Veda Mille,59,76,67,60,46,Databases
625,Niels Coombs,49,63,89,52,70,Programming
626,Abraham Le Brom,48,59,92,78,60,Algorithms
627,Janos Kitchenman,36,47,59,65,96,Math
628,Tony Hamblen,97,59,80,96,98,English
629,Paola Feld,35,51,92,57,44,English
630,Shayne Durante,90,62,94,42,40,Math
631,Augustin Olufsen,94,69,60,54,61,Programming
632,Johnath Pickless,82,94,74,78,87,Programming
633,Shir Markel,89,45,53,98,66,English
634,Elyssa Silverlock,97,86,58,50,70,Databases
635,Vassili Janus,40,46,72,50,32,English
636,Robbie Wiszniewski,34,62,61,81,95,Databases
637,Ian Sheber,49,51,72,94,52,Programming
638,Petr Mulholland,82,66,96,55,67,Programming
639,Durante Deery,81,89,95,100,67,Databases
640,Josey Beazey,64,83,85,64,48,English
641,Alex Holttom,94,50,42,72,64,Databases
642,Wallie Crees,69,46,53,74,51,English
643,Alden Dawidsohn,39,46,77,42,67,English
644,Bo Henrych,37,41,65,54,97,Programming
645,Rosabella Forryan,72,42,81,48,58,Programming
646,Fitz Clem,39,96,58,47,88,Algorithms
647,Anthea Duker,30,46,51,86,99,Databases
648,Keven Morbey,69,99,83,46,83,Algorithms
649,Rolando Cherry,56,66,42,48,89,Programming
650,Jenelle Crossan,78,58,48,73,96,Databases
651,Georgetta Robey,36,57,75,73,69,English
652,Judith Cronkshaw,97,85,71,91,91,Math
653,Geoffry Blasio,76,72,40,86,79,Algorithms
654,Allin Serrier,57,91,44,72,73,Algorithms
655,Chaunce Hagyard,85,78,67,99,77,English
656,Gearalt Voff,53,96,79,65,31,Databases
657,Britta Cathee,48,72,94,46,84,Programming
658,Lind Tolley,80,56,66,73,33,Databases
659,Clara Darwin,87,70,45,58,80,Algorithms
660,Lucinda Lurner,92,68,72,79,82,Math
661,Andriana Marcoolyn,60,75,99,63,76,Math
662,Myra Klaussen,96,100,80,89,49,Programming
663,Reyna Valerio,61,100,54,90,70,Algorithms
664,Heda Eschalotte,60,60,48,88,91,Math
665,Rozele Mudd,45,50,98,59,97,English
666,Juliana Gandy,91,72,91,52,66,Databases
667,Floyd Zanelli,36,94,81,66,80,Algorithms
668,Rainer Tiltman,48,43,73,98,45,Algorithms
669,Annnora Dunkinson,81,92,72,79,56,Programming
670,Mariska Whoolehan,58,88,96,55,60,Databases
671,Rudolfo Cabbell,74,96,72,99,45,Algorithms
672,Wilhelm Gilbank,80,82,67,55,31,English
673,Cyb Dyott,59,47,82,43,73,Algorithms
674,Duffie Geekin,71,94,80,78,38,English
675,Hermione Connett,51,95,52,76,69,Databases
676,Nicko Copello,82,68,99,64,54,Math
677,Riannon Laverock,54,92,81,87,47,Programming
678,Celestina Baird,37,50,96,46,100,Math
679,Minette Kenn,73,56,56,62,50,Algorithms
680,Ellery Tearney,60,60,95,53,46,Algorithms
681,Dale Moreinis,91,73,61,54,83,English
682,Dev Kingerby,85,47,65,96,32,English
683,Verna Jojic,52,63,44,87,68,Math
684,Keefer Thunnercliff,43,76,100,62,62,Math
685,Quentin Arlt,61,94,98,84,48,Algorithms
686,Dwayne Wickson,36,87,42,64,83,Math
687,Michelle Babar,89,75,100,50,89,English
688,Pearla Capun,89,98,99,45,99,English
689,Romain Elgee,45,60,64,79,85,Algorithms
690,Peta Durnell,41,73,41,66,33,Math
691,Tiphani Mityashev,58,53,94,89,95,Algorithms
692,Valenka Lacer,42,82,86,94,48,Programming
693,Johny Oldcroft,63,88,72,61,76,Programming
694,Frankie Ingrey,69,68,80,98,71,Programming
695,Caddric Petrowsky,48,42,94,72,54,English
696,Ivor Reford,85,46,86,93,52,Databases
697,Myrna Hare,33,56,78,92,94,Math
698,Wade Gilder,65,51,62,43,87,Databases
699,Kasey Bowen,92,41,91,95,97,Math
700,Katharine Handrik,63,67,59,94,95,Math
701,Robinette Hansford,30,43,60,56,85,Math
702,Orsola Garnsworth,57,95,57,56,77,Math
703,Margarette Dunsford,94,47,90,68,63,Math
704,Ahmed Demange,61,57,61,96,38,Programming
705,Berne Gloy,30,65,77,96,77,Math
706,Ferd Mellers,77,82,97,48,92,English
707,Tess Girardeau,51,100,56,83,62,English
708,Judye Logue,92,62,81,90,91,English
709,Humphrey Lambrecht,80,65,73,79,81,Programming
710,Elisabeth Bischof,80,84,99,84,55,English
711,Lek Esseby,75,60,72,62,75,Programming
712,Judas Jacson,80,60,79,99,88,English
713,Emmalee Parffrey,85,87,59,86,61,Math
714,Ludovico Poure,94,63,71,53,85,Programming
715,Betta Dimic,35,57,92,78,56,Math
716,Gusti MattiCCI,97,58,48,64,35,Math
717,Marijn Ramel,96,57,69,62,65,Programming
718,Winnie Rowley,94,66,70,91,88,Programming
719,Zoe Leamy,70,96,70,98,82,Programming
720,Lemmie Flode,73,82,44,56,57,English
721,Salmon Harvatt,60,57,70,99,42,English
722,Pandora Bettleson,76,69,67,52,87,Algorithms
723,Sergio Dring,91,81,60,66,62,Programming
724,Kayla Bastone,40,52,41,60,59,Math
725,Lionello Rozea,30,72,100,56,82,Programming
726,Orren Caplan,33,75,75,95,39,Math
727,Callida Graben,64,61,88,100,95,Programming
728,Verne Ellery,70,63,93,69,40,Math
729,Hunter Lockier,46,75,54,96,42,Databases
730,Kristoffer Pawelek,35,45,52,79,33,English
731,Jethro Postance,46,64,61,46,52,Algorithms
732,Hettie Stovell,97,45,86,83,38,Math
733,Clayborne Liverock,81,98,47,61,60,Programming
734,Seamus Dick,38,80,62,73,38,Programming
735,Ardisj Tamlett,49,65,63,69,61,Algorithms
736,Charmion Tuffs,92,67,72,93,57,Databases
737,Billi Wibrow,92,53,80,94,83,Math
738,Veriee Wieprecht,53,88,49,81,37,Math
739,Bealle Plank,99,44,94,95,50,Algorithms
740,Bastian Western,86,64,98,46,58,Algorithms
741,Ingmar Gomery,51,87,85,55,94,English
742,Tammie Riccioppo,53,77,62,43,78,English
743,Jamesy Lindhe,74,71,74,88,70,Programming
744,Traci Huke,55,44,69,62,35,Databases
745,Ernie Ambrodi,77,44,58,54,31,Math
746,Elisa De Meyer,40,69,88,50,70,Algorithms
747,Carmelina Lamkin,66,55,41,43,79,Databases
748,Gerri Woodman,97,54,53,64,30,Databases
749,Mack Mitford,34,57,99,85,60,Math
750,Fergus Jacquest,80,98,93,59,71,Math
751,Casey Leband,87,97,74,58,64,Math
752,Nap Beddon,44,88,67,59,56,English
753,Clywd Forgan,60,76,73,44,86,English
754,Deeyn Seccombe,96,66,90,79,98,English
755,Brigit Hast,68,94,84,47,42,Algorithms
756,Shel Boog,83,70,93,78,40,English
757,Any Gumm,70,89,90,43,63,Algorithms
758,Alejandrina Beatens,50,45,94,92,47,Databases
759,Randal Fontell,98,84,79,57,80,Programming
760,Stephine Strathearn,79,93,77,43,89,Databases
761,Margit Rolls,83,47,91,69,90,English
762,Margot Huws,32,71,61,75,90,Algorithms
763,Fergus Duker,80,46,86,63,76,Programming
764,Jeramie Jaynes,30,67,60,57,80,Programming
765,Valida Hoyles,52,94,76,58,100,Math
766,Gilbert Viggars,80,67,97,57,60,Algorithms
767,Cary Fishley,81,88,59,84,89,Programming
768,Lauralee Jennings,48,50,42,41,72,Algorithms
769,York Eliesco,39,89,69,90,57,Algorithms
770,Jacquelyn Newlan,100,52,77,70,68,Algorithms
771,Amandie Gatlin,43,75,89,43,50,Programming
772,Sofie Dobbs,53,66,65,82,54,Databases
773,Marius Noorwood,100,87,77,48,99,Databases
774,Lancelot Kears,48,56,45,84,94,Databases
775,Clevie Olander,91,83,99,45,87,English
776,Kathi Bedingfield,89,68,80,54,88,Algorithms
777,Christal Klouz,81,100,60,74,50,English
778,Wittie Brimming,70,45,92,61,58,Math
779,Mayer Tomasoni,69,50,71,75,38,Programming
780,Cthrine Bartalini,96,40,49,98,96,Math
781,Shaylynn Bachura,53,51,95,49,79,Math
782,Alric Lamburne,82,64,93,64,65,Math
783,Friederike Hurrell,100,64,93,55,54,Programming
784,Kahaleel Izchaki,75,55,60,97,33,Algorithms
785,Magdalena Totaro,42,69,42,51,96,Algorithms
786,Elsbeth Gaines,35,97,98,67,90,Programming
787,Josephina Pasek,53,78,73,61,43,Math
788,Kania Drabble,77,56,50,76,85,English
789,Deni Gresly,42,87,52,64,85,English
790,Hy Scade,83,59,94,63,92,Algorithms
791,Elnar Mcwhinney,86,94,61,90,32,Math
792,Valentin Jahner,89,43,63,89,82,Math
793,Elton Kendle,66,43,90,87,45,Algorithms
794,Viviana Fossord,38,53,83,48,40,English
795,Giselle Balloch,60,56,59,81,76,Databases
796,Dory Crimmins,52,89,50,61,64,Math
797,Thaddus Danks,100,87,83,80,76,Programming
798,Emmalynne Glenton,47,73,43,68,82,Programming
799,Zena Fishleigh,87,90,55,92,99,Programming
800,Pansie Robertz,38,69,79,48,35,Databases
801,Loralie Dufoure,45,57,95,72,66,Databases
802,Shelden Chastagnier,91,62,67,42,71,English
803,Dunstan Juster,47,97,91,56,97,English
804,Orson Assard,96,44,95,86,40,Programming
805,Kathryne Critch,41,100,100,49,67,Algorithms
806,Caz Sandels,35,97,99,49,72,Math
807,Reyna Marchiso,69,87,75,44,89,Programming
808,Cecil Mercik,47,78,48,99,39,English
809,Nissy O'Farrell,59,65,59,45,95,Math
810,Thibaut Doddrell,71,49,98,90,92,Algorithms
811,Rosanne Prodrick,100,42,70,62,74,Algorithms
812,Marylynne Cromleholme,37,83,91,50,39,Algorithms
813,Aigneis Shoreson,81,49,76,69,45,Programming
814,Hadleigh O'Neill,91,74,41,73,73,English
815,Aleksandr Grastye,44,47,43,62,80,Databases
816,Sonja Mellody,52,61,47,75,78,Math
817,Ervin Butterly,34,66,56,62,66,Databases
818,Sollie Wilkin,83,91,93,40,81,Databases
819,Esther Daugherty,100,40,88,65,44,Math
820,Shelli Prosch,44,87,92,94,94,Programming
821,Elisa Schwier,62,81,85,50,84,English
822,Gav Carbonell,39,79,93,82,36,Databases
823,Barbi Harring,70,98,76,92,42,Databases
824,Patty Orys,45,74,72,91,97,Databases
825,Florencia Drinkeld,68,66,96,53,90,Databases
826,Celesta Mogra,91,53,63,54,56,Math
827,Micheal Ivanuschka,100,44,100,83,70,Math
828,Louella Leborgne,65,93,78,41,32,English
829,Thedrick Flooks,69,65,84,46,88,English
830,Lalo Radbond,70,48,71,59,71,Programming
831,Alysia Sabate,91,48,40,53,82,Databases
832,Josie Paulus,73,89,53,62,71,English
833,Dominik Edyson,71,67,72,71,87,Programming
834,Lanette Kynaston,42,63,63,51,74,Algorithms
835,Ellsworth Lattimer,77,49,62,50,54,Databases
836,Madelene Luesley,78,88,48,70,47,Algorithms
837,Roley Godlee,75,78,44,82,67,Databases
838,Hebert Toffanelli,46,46,75,65,99,Databases
839,Yulma Gingell,75,51,80,55,90,Math
840,Debbie Holliar,67,42,77,87,52,Databases
841,Amity Kropp,48,57,62,64,61,English
842,Rhonda Blackaller,48,100,87,98,45,English
843,Rochella Cockayne,48,60,43,48,57,Algorithms
844,Terra Thrower,55,92,55,95,47,Databases
845,Teador McRory,41,47,100,81,68,Programming
846,Currey Denzey,35,83,71,53,61,Databases
847,Bonnee Haygreen,37,40,75,91,31,Algorithms
848,Hayes Sims,63,51,63,97,74,English
849,Alene Beecroft,32,58,44,68,53,Programming
850,Gwendolyn Wannop,99,79,51,56,69,Algorithms
851,Berne Jest,77,86,74,57,35,Programming
852,Lara Bezzant,46,96,92,41,88,Databases
853,Garrott Cristofano,59,86,57,91,84,Algorithms
854,Delphinia Jurkiewicz,43,56,67,52,38,Math
855,Lorrin Deveraux,53,95,79,86,58,English
856,Sydney Purkess,86,62,47,59,42,Algorithms
857,Jacklyn Flinn,69,45,51,76,67,Math
858,Mickey Cooksey,97,93,64,82,97,Math
859,Emelyne Bidnall,62,84,86,49,65,Databases
860,Genvieve Salatino,71,90,42,69,69,Databases
861,Henryetta Margery,47,69,67,100,78,English
862,Marcie Quigg,95,44,41,42,65,Databases
863,Maryann Abatelli,75,92,82,78,81,Algorithms
864,Estrellita Stichall,30,79,49,72,57,Algorithms
865,Stavro Repp,89,96,76,65,56,Algorithms
866,Benita Scade,82,56,76,80,98,English
867,Tobe Udale,60,98,49,97,76,Algorithms
868,Jermayne Thurber,88,48,79,71,75,Math
869,Burt Hearns,95,48,56,99,74,Databases
870,Patricio Danev,95,58,71,56,46,Databases
871,Darnell Petras,45,54,91,50,59,Math
872,Gran Souch,64,45,80,57,94,English
873,Pietra Gallelli,42,72,77,59,49,Math
874,Zea Meert,74,100,43,52,55,Programming
875,Kin Vannuccinii,79,68,48,58,97,Math
876,Pepito Deneve,70,56,65,91,45,Programming
877,Cal Battin,88,79,96,44,73,Algorithms
878,Hadleigh Lanigan,31,82,86,66,46,Databases
879,Helli Havoc,30,45,52,92,56,Math
880,Agnesse Hurcombe,49,84,90,59,55,Math
881,Rod Farn,37,50,86,95,83,Algorithms
882,Pace Butner,87,99,70,53,59,English
883,Hyacinthie Mathers,50,81,91,66,33,English
884,Gilda Calliss,50,99,45,90,49,Math
885,Dottie Di Franceschi,43,48,58,62,95,Algorithms
886,Winnifred Yakovl,78,99,82,96,40,Algorithms
887,Brod Pyburn,60,63,89,42,77,Databases
888,Moss Baskeyfied,86,78,71,65,35,English
889,Chrissie Brittin,48,90,40,88,90,English
890,Jean Aspin,96,96,63,69,51,Databases
891,Pen Patel,93,83,61,86,50,English
892,Fulvia Morehall,39,51,67,67,50,Programming
893,Gena Walhedd,30,47,87,100,76,Programming
894,Venita Shermar,42,77,89,50,91,Algorithms
895,Valle Fillis,46,61,72,73,65,Algorithms
896,Taite Baltzar,50,68,70,61,52,Databases
897,Estell Burk,35,97,62,100,31,Databases
898,Marlowe Oakman,94,60,64,99,55,Algorithms
899,Oran Obell,44,66,64,66,99,Databases
900,Natasha O' Hern,49,98,77,48,94,English
901,Keriann Goggen,69,81,81,98,50,Programming
902,Bret Conkling,48,83,87,46,93,Programming
903,Keith Zorzoni,95,77,50,92,39,Databases
904,Kaila McCoish,63,43,82,81,56,English
905,Norbie Lavell,92,67,45,96,41,Math
906,Carmella Urwin,83,100,75,93,32,Programming
907,Verla Razzell,62,60,67,63,91,Databases
908,Brittan Hurd,73,82,70,70,97,Algorithms
909,Pris Gideon,53,73,76,92,72,Databases
910,Fidel Thody,39,45,66,43,92,Databases
911,Kip Netherclift,50,81,98,44,100,Algorithms
912,Joscelin Davidovics,77,61,84,57,66,Math
913,Madeleine Stucke,52,40,94,75,36,Programming
914,Reynold Stittle,60,91,72,97,94,Databases
915,Anna-maria Aveline,54,76,72,47,32,Databases
916,Hersh McLeish,65,71,78,43,50,English
917,Sara-ann Carek,47,99,90,41,65,Algorithms
918,Keith Keeting,53,73,61,98,50,Algorithms
919,Berenice Stoute,86,75,83,45,78,Programming
920,Wynn Nigh,59,94,55,67,74,Algorithms
921,Zabrina Gawkroge,72,53,86,88,100,Databases
922,Cello Dederich,85,81,54,45,42,Programming
923,Shandee Essery,47,97,67,43,33,Algorithms
924,Sully Lubomirski,88,68,62,50,84,Programming
925,Carmon Capponeer,91,63,44,75,81,Databases
926,Gaven Sivewright,70,81,51,54,57,Algorithms
927,Dusty Jeffers,31,95,67,95,67,Algorithms
928,Sherye Chattell,74,57,95,66,84,Databases
929,Ancell Kilian,75,95,99,85,63,Databases
930,Claudianus Spilsted,38,53,48,44,55,Databases
931,Sergeant Saph,80,65,86,72,43,Algorithms
932,Mufinella Hambly,81,95,98,79,78,Math
933,Gretal Burnell,62,51,93,40,78,English
934,Sallee McWhannel,64,86,40,79,76,Programming
935,Avivah Hadgkiss,39,71,59,44,89,Algorithms
936,Calvin Knightly,36,90,74,54,33,English
937,Selie Kinker,99,78,76,55,40,Math
938,Tomi Risson,36,96,53,80,53,Databases
939,Debee Keble,64,66,96,57,77,Math
940,Dylan Cosgriff,98,100,54,45,49,Programming
941,Gert Lyndon,54,89,61,45,65,Databases
942,Norri Hordle,83,45,81,86,71,Math
943,Marven Verissimo,74,50,55,77,60,Programming
944,Cordelia Gartrell,44,52,91,72,76,Algorithms
945,Griffy Meus,84,65,93,51,40,Programming
946,Shem Bartzen,82,85,89,54,60,Algorithms
947,Beitris Francesch,93,90,91,45,67,English
948,Konstantin Olivey,95,74,64,62,93,Programming
949,Isa Ratnage,58,77,54,53,82,English
950,Justus Ivashkin,84,45,50,48,53,Algorithms
951,Erin Goggey,48,99,100,54,66,English
952,Dania Dibb,59,86,40,77,44,Math
953,Sandi Keegan,99,71,62,64,85,Databases
954,Marian Kirwood,99,91,94,93,93,Programming
955,Sven Camois,60,57,65,40,59,English
956,Dominic Royse,67,49,83,74,30,English
957,Ramona Wein,48,65,63,47,95,English
958,Gannon Radbourne,71,43,56,47,57,Databases
959,Gherardo Eagell,98,91,79,86,72,Programming
960,Pansy Reames,96,94,47,94,33,Math
961,Randolf Druhan,37,73,89,51,47,Databases
962,Kerrie Paike,82,80,85,80,63,Programming
963,Livvy Dimitresco,95,78,52,95,65,Databases
964,Marabel Scholer,61,52,47,99,44,Math
965,Evered Curr,54,43,83,50,51,Math
966,De witt Pender,70,66,57,99,78,Databases
967,Eustacia Sinyard,62,76,86,56,81,Math
968,Ave Pryn,76,72,51,52,50,Programming
969,Barty McKendry,88,46,79,87,47,English
970,Aguste McQuin,90,60,90,97,71,Databases
971,Barron Marjanski,53,96,100,99,72,Programming
972,Emlyn Currington,45,65,49,41,67,Math
973,Irma Temblett,61,67,46,50,77,Databases
974,Brook Sunderland,47,100,45,55,92,Programming
975,Sayers Hastings,96,60,86,62,42,English
976,Russell Alderwick,90,45,49,86,37,Programming
977,Corine Saffe,39,68,98,87,43,Databases
978,Margaux Kingsnod,77,42,61,85,100,Databases
979,Kev Greenaway,89,96,71,76,48,Databases
980,Ninnetta Sawden,45,99,63,54,55,Algorithms
981,Bernetta Guttridge,62,64,64,96,59,English
982,Jourdan Burker,56,62,41,58,48,Programming
983,Fairlie Raynham,81,52,88,92,91,English
984,Elvira Kermannes,36,80,42,51,40,Algorithms
985,Gabrielle Bhatia,41,73,52,52,92,Math
986,Mattie Rosier,68,64,92,96,49,Databases
987,Rosalinda Cham,55,54,53,41,59,Databases
988,Lulu Wagenen,100,87,91,93,98,Programming
989,Perrine Tuddenham,50,44,43,91,59,Math
990,Tanny Vuitte,75,80,48,75,43,Programming
991,Elonore Dalgleish,38,43,44,84,94,English
992,Nestor Regnard,95,75,72,91,45,Programming
993,Wolfgang Melwall,47,42,71,95,83,Databases
994,Honey Francois,94,78,47,85,80,English
995,Clementius Han,57,59,74,42,49,Databases
996,Wilt Julian,70,70,47,66,80,Algorithms
997,Pearle Christoffe,63,70,80,47,97,Databases
998,Bonnibelle Bunn,79,52,48,99,91,Programming
999,Padraic Dallender,48,87,90,62,96,Math
1000,Harry Harring,78,41,88,96,42,Math
